Module,Column_Name,Data_Type,SAP_Table,SAP_Field,Column_Type,Derivation_Formula,ML_Model,Is_Key,Sample_Value,Description
StoreForecast,id,VARCHAR(20),Generated,N/A,Raw,N/A,N/A,Yes,FC0001,Forecast record ID
StoreForecast,date,DATE,System,N/A,Raw,N/A,N/A,No,2025-10-27,Forecast date
StoreForecast,store_id,VARCHAR(20),T001W,WERKS,Raw,N/A,N/A,Yes,Store-Chicago-001,Store/Plant ID
StoreForecast,store_name,VARCHAR(100),T001W,NAME1,Raw,N/A,N/A,No,Chicago Magnificent Mile,Store name
StoreForecast,channel,VARCHAR(50),Custom,N/A,Raw,N/A,N/A,No,Retail Store,Sales channel
StoreForecast,product_sku,VARCHAR(40),MARA,MATNR,Raw,N/A,N/A,Yes,MR_HAIR_101,Material number
StoreForecast,product_name,VARCHAR(200),MAKT,MAKTX,Raw,N/A,N/A,No,Premium Hair Color Kit,Material description
StoreForecast,forecasted_units,INTEGER,N/A,N/A,ML,N/A,Prophet/ARIMA,No,20,Daily demand forecast
StoreForecast,confidence_level,DECIMAL(5,2),N/A,N/A,ML,N/A,Bayesian,No,0.92,Forecast confidence (0-1)
StoreForecast,forecast_method,VARCHAR(50),N/A,N/A,ML,N/A,N/A,No,Prophet/ML,Model used
StoreForecast,upper_bound,INTEGER,N/A,N/A,ML,N/A,Prophet,No,23,95% CI upper bound
StoreForecast,lower_bound,INTEGER,N/A,N/A,ML,N/A,Prophet,No,17,95% CI lower bound
StoreForecast,historical_avg,INTEGER,N/A,N/A,Derived,AVG(sales_last_90d),N/A,No,20,90-day historical average
StoreForecast,promotion_flag,VARCHAR(3),Custom,N/A,Raw,N/A,N/A,No,No,Is promotion active
StoreForecast,seasonality_factor,DECIMAL(5,2),N/A,N/A,ML,N/A,Prophet,No,1.0,Seasonal multiplier
StoreHealthMonitor,id,VARCHAR(20),Generated,N/A,Raw,N/A,N/A,Yes,HM0001,Health monitor ID
StoreHealthMonitor,store_id,VARCHAR(20),T001W,WERKS,Raw,N/A,N/A,Yes,Store-Chicago-001,Store/Plant ID
StoreHealthMonitor,store_name,VARCHAR(100),T001W,NAME1,Raw,N/A,N/A,No,Chicago Magnificent Mile,Store name
StoreHealthMonitor,product_sku,VARCHAR(40),MARA,MATNR,Raw,N/A,N/A,Yes,MR_HAIR_101,Material number
StoreHealthMonitor,product_name,VARCHAR(200),MAKT,MAKTX,Raw,N/A,N/A,No,Premium Hair Color Kit,Material description
StoreHealthMonitor,forecasted_demand,INTEGER,N/A,N/A,ML,N/A,Prophet,No,20,Daily demand forecast
StoreHealthMonitor,current_inventory,INTEGER,MARD,LABST,Raw,N/A,N/A,No,130,Stock on hand
StoreHealthMonitor,inbound_shipments,INTEGER,EKET,MENGE,Raw,N/A,N/A,No,20,On-order quantity
StoreHealthMonitor,committed_orders,INTEGER,VBBE,VMENG,Raw,N/A,N/A,No,5,Committed/allocated stock
StoreHealthMonitor,available_inventory,INTEGER,N/A,N/A,Derived,current + inbound - committed,N/A,No,145,Net available inventory
StoreHealthMonitor,target_inventory,INTEGER,MARC,EISBE,Raw,N/A,N/A,No,162,Target stock level
StoreHealthMonitor,safety_stock,INTEGER,MARC,MINBE,Raw,N/A,N/A,No,22,Safety stock
StoreHealthMonitor,days_of_supply,DECIMAL(5,2),N/A,N/A,Derived,available / daily_demand,N/A,No,7.25,Days until stockout
StoreHealthMonitor,inventory_health_pct,INTEGER,N/A,N/A,Derived,(available - safety) / (target - safety) * 100,N/A,No,88,Health percentage
StoreHealthMonitor,health_status,VARCHAR(50),N/A,N/A,Derived,Status logic based on health_pct,N/A,No,üü° Reorder Soon,Status indicator
StoreHealthMonitor,fill_rate,DECIMAL(5,3),LIPS,Historical,Raw,N/A,N/A,No,0.965,Order fulfillment rate
StoreHealthMonitor,stockout_risk,VARCHAR(50),N/A,N/A,ML,N/A,XGBoost,No,Low Risk,Risk classification
StoreHealthMonitor,action,VARCHAR(255),N/A,N/A,Derived,Business rules,N/A,No,Plan replenishment,Recommended action
StoreOptimization,id,VARCHAR(20),Generated,N/A,Raw,N/A,N/A,Yes,SO0001,Optimization ID
StoreOptimization,store_id,VARCHAR(20),T001W,WERKS,Raw,N/A,N/A,Yes,Store-Chicago-001,Store/Plant ID
StoreOptimization,product_sku,VARCHAR(40),MARA,MATNR,Raw,N/A,N/A,Yes,MR_HAIR_101,Material number
StoreOptimization,daily_demand,INTEGER,N/A,N/A,ML,N/A,Prophet,No,20,Average daily demand (Œº)
StoreOptimization,demand_stddev,INTEGER,N/A,N/A,ML,N/A,Prophet,No,3,Demand std dev (œÉ)
StoreOptimization,lead_time_days,INTEGER,MARC,PLIFZ,Raw,N/A,N/A,No,7,Replenishment lead time
StoreOptimization,service_level,DECIMAL(5,3),MARC,SERNR,Raw,N/A,N/A,No,0.95,Target service level
StoreOptimization,z_score,DECIMAL(5,3),N/A,N/A,Derived,NORMSINV(service_level),N/A,No,1.64,Z-score for service level
StoreOptimization,safety_stock,INTEGER,N/A,N/A,Derived,z * œÉ * SQRT(L),N/A,No,22,Calculated safety stock
StoreOptimization,reorder_point,INTEGER,N/A,N/A,Derived,(Œº * L) + safety_stock,N/A,No,162,ROP trigger point
StoreOptimization,target_inventory,INTEGER,N/A,N/A,Derived,ROP + order_qty,N/A,No,182,Target stock level
StoreOptimization,current_stock,INTEGER,MARD,LABST,Raw,N/A,N/A,No,130,Current inventory
StoreOptimization,gap,INTEGER,N/A,N/A,Derived,target - current,N/A,No,52,Inventory gap
StoreOptimization,status,VARCHAR(50),N/A,N/A,Derived,Optimization rules,N/A,No,Adjust,Status indicator
StoreReplenishment,id,VARCHAR(30),Generated,N/A,Raw,N/A,N/A,Yes,ORDER-2025-001234,Order ID
StoreReplenishment,store_id,VARCHAR(20),T001W,WERKS,Raw,N/A,N/A,Yes,Store-Chicago-001,Store/Plant ID
StoreReplenishment,store_name,VARCHAR(100),T001W,NAME1,Raw,N/A,N/A,No,Chicago Magnificent Mile,Store name
StoreReplenishment,product_sku,VARCHAR(40),MARA,MATNR,Raw,N/A,N/A,Yes,MR_HAIR_101,Material number
StoreReplenishment,product_name,VARCHAR(200),MAKT,MAKTX,Raw,N/A,N/A,No,Premium Hair Color Kit,Material description
StoreReplenishment,current_inventory,INTEGER,MARD,LABST,Raw,N/A,N/A,No,130,Current stock level
StoreReplenishment,reorder_point,INTEGER,MARC,MINBE,Raw,N/A,N/A,No,162,Reorder point
StoreReplenishment,target_inventory,INTEGER,MARC,EISBE,Raw,N/A,N/A,No,162,Target stock level
StoreReplenishment,eoq,INTEGER,N/A,N/A,ML,N/A,RL/Optimization,No,180,Economic order quantity
StoreReplenishment,base_order_qty,INTEGER,N/A,N/A,Derived,MAX(0 target - current),N/A,No,32,Raw quantity needed
StoreReplenishment,moq,INTEGER,MARC,BSTMI,Raw,N/A,N/A,No,10,Minimum order quantity
StoreReplenishment,order_multiple,INTEGER,MARC,BSTRF,Raw,N/A,N/A,No,12,Case pack size
StoreReplenishment,final_order_qty,INTEGER,N/A,N/A,Derived,ROUND_UP(MAX(base moq) multiple),N/A,No,36,Final order quantity
StoreReplenishment,unit_cost,DECIMAL(10,2),MBEW,VERPR,Raw,N/A,N/A,No,25.00,Unit cost
StoreReplenishment,order_value,DECIMAL(12,2),N/A,N/A,Derived,final_order_qty * unit_cost,N/A,No,900.00,Total order value
StoreReplenishment,lead_time_days,INTEGER,MARC,PLIFZ,Raw,N/A,N/A,No,7,Lead time in days
StoreReplenishment,supplier,VARCHAR(100),LFA1,NAME1,Raw,N/A,N/A,No,DC-East,Supplier/DC name
StoreReplenishment,release_date,DATE,EKKO,BEDAT,Raw,N/A,N/A,No,2025-10-29,Order release date
StoreReplenishment,expected_arrival,DATE,EKET,EINDT,Derived,release_date + lead_time_days,N/A,No,2025-11-05,Expected delivery date
StoreReplenishment,truck_capacity,INTEGER,Custom,N/A,Raw,N/A,N/A,No,500,Truck capacity
StoreReplenishment,truck_utilization,DECIMAL(5,3),N/A,N/A,Derived,final_order_qty / truck_capacity,N/A,No,0.072,Truck utilization %
StoreReplenishment,priority,VARCHAR(20),N/A,N/A,Derived,Priority logic,N/A,No,Normal,Order priority
StoreReplenishment,status,VARCHAR(50),EKKO,BSART,Derived,Status logic,N/A,No,Generate Order,Order status
StoreReplenishment,action,VARCHAR(255),N/A,N/A,Derived,Business rules,N/A,No,Order triggered,Action message
StoreFinancialImpact,id,VARCHAR(20),Generated,N/A,Raw,N/A,N/A,Yes,FI0001,Financial record ID
StoreFinancialImpact,store_id,VARCHAR(20),T001W,WERKS,Raw,N/A,N/A,Yes,Store-Chicago-001,Store/Plant ID
StoreFinancialImpact,product_sku,VARCHAR(40),MARA,MATNR,Raw,N/A,N/A,Yes,MR_HAIR_101,Material number
StoreFinancialImpact,current_inventory,INTEGER,MARD,LABST,Raw,N/A,N/A,No,130,Stock on hand
StoreFinancialImpact,unit_cost,DECIMAL(10,2),MBEW,VERPR,Raw,N/A,N/A,No,25.00,Standard price
StoreFinancialImpact,inventory_value,DECIMAL(12,2),N/A,N/A,Derived,current_inventory * unit_cost,N/A,No,3250.00,Total inventory value
StoreFinancialImpact,holding_cost_annual,DECIMAL(12,2),N/A,N/A,Derived,inventory_value * holding_rate,N/A,No,650.00,Annual carrying cost
StoreFinancialImpact,holding_rate,DECIMAL(5,3),Config,N/A,Raw,N/A,N/A,No,0.20,Holding cost rate (20%)
StoreFinancialImpact,stockout_cost,DECIMAL(12,2),N/A,N/A,Derived,lost_sales * margin,N/A,No,0.00,Cost of stockouts
StoreFinancialImpact,lost_sales,INTEGER,N/A,N/A,ML,N/A,Counterfactual,No,0,Estimated lost sales
StoreFinancialImpact,margin,DECIMAL(5,3),MBEW,Custom,Raw,N/A,N/A,No,0.40,Gross margin %
StoreFinancialImpact,excess_inventory_cost,DECIMAL(12,2),N/A,N/A,Derived,(current - target) * unit_cost * risk_rate,N/A,No,0.00,Overstock cost
StoreFinancialImpact,target_inventory,INTEGER,MARC,EISBE,Raw,N/A,N/A,No,162,Target stock level
StoreFinancialImpact,working_capital,DECIMAL(12,2),N/A,N/A,Derived,inventory_value + AR - AP,N/A,No,3250.00,Working capital
StoreFinancialImpact,roi_impact,DECIMAL(5,3),N/A,N/A,Derived,(revenue - costs) / inventory_value,N/A,No,0.15,ROI percentage
StoreFinancialImpact,action,VARCHAR(255),N/A,N/A,Derived,Business rules,N/A,No,Optimize levels,Recommendation
StoreDeployment,id,VARCHAR(20),Generated,N/A,Raw,N/A,N/A,Yes,SD0001,Deployment ID
StoreDeployment,store_id,VARCHAR(20),T001W,WERKS,Raw,N/A,N/A,Yes,Store-NewYork-099,New store ID
StoreDeployment,store_type,VARCHAR(10),T001W,Custom,Raw,N/A,N/A,No,A,Store classification (A/B/C)
StoreDeployment,opening_date,DATE,T001W,Custom,Raw,N/A,N/A,No,2025-12-01,Store opening date
StoreDeployment,product_sku,VARCHAR(40),MARA,MATNR,Raw,N/A,N/A,Yes,MR_HAIR_101,Material number
StoreDeployment,forecasted_demand,INTEGER,N/A,N/A,ML,N/A,Transfer Learning,No,25,Daily demand forecast
StoreDeployment,comparable_stores,VARCHAR(255),N/A,N/A,Derived,Similarity matching,N/A,No,"Store-NYC-015,Store-Boston-022",Similar stores
StoreDeployment,initial_stock_qty,INTEGER,N/A,N/A,Derived,demand * (lead_time + safety_days),N/A,No,700,Opening stock quantity
StoreDeployment,safety_days,INTEGER,Config,N/A,Raw,N/A,N/A,No,21,Buffer days
StoreDeployment,deployment_cost,DECIMAL(12,2),N/A,N/A,Derived,qty * unit_cost + freight,N/A,No,17500.00,Total deployment cost
StoreDeployment,source_dc,VARCHAR(50),N/A,N/A,Derived,Optimization,N/A,No,DC-East,Sourcing DC
StoreDeployment,deployment_date,DATE,N/A,N/A,Derived,opening_date - lead_time,N/A,No,2025-11-17,Ship date
StoreDeployment,status,VARCHAR(50),N/A,N/A,Derived,Workflow state,N/A,No,Planned,Deployment status
DCDemandAggregation,id,VARCHAR(20),Generated,N/A,Raw,N/A,N/A,Yes,DA0001,Aggregation ID
DCDemandAggregation,date,DATE,System,N/A,Raw,N/A,N/A,No,2025-01-11,Aggregation date
DCDemandAggregation,iso_week,VARCHAR(10),N/A,N/A,Derived,YEAR-WW format,N/A,No,2025-W02,ISO week identifier
DCDemandAggregation,dc_location,VARCHAR(50),T001W,WERKS,Raw,N/A,N/A,Yes,DC-East,DC identifier
DCDemandAggregation,product_sku,VARCHAR(40),MARA,MATNR,Raw,N/A,N/A,Yes,MR_HAIR_101,Material number
DCDemandAggregation,retail_fcst,INTEGER,N/A,N/A,ML,N/A,Prophet,No,500,Retail stores forecast
DCDemandAggregation,retail_stddev,INTEGER,N/A,N/A,ML,N/A,Prophet,No,75,Retail std dev
DCDemandAggregation,amazon_fcst,INTEGER,N/A,N/A,ML,N/A,Prophet,No,350,Amazon channel forecast
DCDemandAggregation,amazon_stddev,INTEGER,N/A,N/A,ML,N/A,Prophet,No,63,Amazon std dev
DCDemandAggregation,wholesale_fcst,INTEGER,N/A,N/A,ML,N/A,Prophet,No,150,Wholesale forecast
DCDemandAggregation,wholesale_stddev,INTEGER,N/A,N/A,ML,N/A,Prophet,No,18,Wholesale std dev
DCDemandAggregation,d2c_fcst,INTEGER,N/A,N/A,ML,N/A,Prophet,No,100,D2C forecast
DCDemandAggregation,d2c_stddev,INTEGER,N/A,N/A,ML,N/A,Prophet,No,25,D2C std dev
DCDemandAggregation,daily_forecast_dc,INTEGER,N/A,N/A,Derived,SUM(all channel forecasts),N/A,No,1100,Total daily DC demand
DCDemandAggregation,weekly_mean_dc,INTEGER,N/A,N/A,Derived,daily_forecast_dc * 7,N/A,No,7700,Weekly DC demand (ŒºDC)
DCDemandAggregation,weekly_stddev_dc,INTEGER,N/A,N/A,Derived,SQRT(SUM(œÉ¬≤) + correlation_terms),N/A,No,495,Weekly std dev (œÉDC)
DCDemandAggregation,correlation_coeff,DECIMAL(5,3),N/A,N/A,Raw,N/A,N/A,No,0.30,Channel correlation (œÅ)
DCDemandAggregation,num_locations,INTEGER,N/A,N/A,Derived,COUNT(stores),N/A,No,25,Number of locations
DCDemandAggregation,variance,INTEGER,N/A,N/A,Derived,actual - forecast,N/A,No,50,Variance amount
DCDemandAggregation,variance_pct,DECIMAL(5,2),N/A,N/A,Derived,variance / forecast * 100,N/A,No,4.5,Variance percentage
DCDemandAggregation,status,VARCHAR(50),N/A,N/A,Derived,Threshold logic,N/A,No,Good,Alignment status
DCHealthMonitor,id,VARCHAR(20),Generated,N/A,Raw,N/A,N/A,Yes,DH0001,Health record ID
DCHealthMonitor,dc_location,VARCHAR(50),T001W,WERKS,Raw,N/A,N/A,Yes,DC-East,DC identifier
DCHealthMonitor,product_sku,VARCHAR(40),MARA,MATNR,Raw,N/A,N/A,Yes,MR_HAIR_101,Material number
DCHealthMonitor,channels,VARCHAR(255),N/A,N/A,Derived,Aggregated list,N/A,No,Retail (6 stores),Channels served
DCHealthMonitor,weekly_mu,INTEGER,N/A,N/A,Derived,SUM(store forecasts),N/A,No,959,Weekly demand (ŒºDC)
DCHealthMonitor,sigma,INTEGER,N/A,N/A,Derived,Aggregated œÉDC,N/A,No,192,Demand std dev
DCHealthMonitor,lead_time_weeks,INTEGER,MARC,PLIFZ,Raw,N/A,N/A,No,2,Supplier lead time
DCHealthMonitor,sigma_l,DECIMAL(5,2),Historical,N/A,Raw,N/A,N/A,No,0.5,Lead time variability
DCHealthMonitor,service_level,DECIMAL(5,3),Config,N/A,Raw,N/A,N/A,No,0.98,Target service level
DCHealthMonitor,z_score,DECIMAL(5,3),N/A,N/A,Derived,NORMSINV(service_level),N/A,No,2.05,Z-score
DCHealthMonitor,beta,DECIMAL(5,2),Config,N/A,Raw,N/A,N/A,No,0.3,Unreliability factor
DCHealthMonitor,on_time,DECIMAL(5,3),LFA1,Custom,Raw,N/A,N/A,No,0.9,Supplier on-time %
DCHealthMonitor,safety_stock,INTEGER,N/A,N/A,Derived,z * SQRT((œÉ¬≤*L)+(Œº¬≤*œÉL¬≤)) * (1+Œ≤*(1-on_time)),N/A,No,147,Adjusted safety stock
DCHealthMonitor,rop,INTEGER,N/A,N/A,Derived,(Œº * L) + safety_stock,N/A,No,2065,Reorder point
DCHealthMonitor,target,INTEGER,N/A,N/A,Derived,ROP + order_qty,N/A,No,1022,Target inventory
DCHealthMonitor,on_hand,INTEGER,MARD,LABST,Raw,N/A,N/A,No,920,Current stock
DCHealthMonitor,on_order,INTEGER,EKET,MENGE,Raw,N/A,N/A,No,120,Inbound shipments
DCHealthMonitor,allocated,INTEGER,VBBE,VMENG,Raw,N/A,N/A,No,50,Committed stock
DCHealthMonitor,available,INTEGER,N/A,N/A,Derived,on_hand + on_order - allocated,N/A,No,990,Net available
DCHealthMonitor,health_pct,DECIMAL(5,3),N/A,N/A,Derived,available / target,N/A,No,0.97,Health percentage
DCHealthMonitor,status,VARCHAR(50),N/A,N/A,Derived,Health thresholds,N/A,No,üü¢ Healthy,Status indicator
DCHealthMonitor,requirement_qty,INTEGER,N/A,N/A,Derived,target - available,N/A,No,32,Quantity needed
DCHealthMonitor,freight_util,DECIMAL(5,3),N/A,N/A,Derived,Container utilization,N/A,No,0.85,Freight efficiency
DCHealthMonitor,action,VARCHAR(255),N/A,N/A,Derived,Business rules,N/A,No,Maintain levels,Action recommendation
DCOptimization,id,VARCHAR(20),Generated,N/A,Raw,N/A,N/A,Yes,SS0001,Optimization ID
DCOptimization,dc_location,VARCHAR(50),T001W,WERKS,Raw,N/A,N/A,Yes,DC-East,DC identifier
DCOptimization,product_sku,VARCHAR(40),MARA,MATNR,Raw,N/A,N/A,Yes,MR_HAIR_101,Material number
DCOptimization,channels,VARCHAR(255),N/A,N/A,Derived,Aggregated list,N/A,No,Retail Stores (6),Channels aggregated
DCOptimization,weekly_mu,INTEGER,N/A,N/A,Derived,SUM(channel demands),N/A,No,959,Weekly demand (ŒºDC)
DCOptimization,sigma,INTEGER,N/A,N/A,Derived,Aggregated œÉDC,N/A,No,192,Demand std dev (œÉDC)
DCOptimization,lead_time_weeks,INTEGER,MARC,PLIFZ,Raw,N/A,N/A,No,2,Replenishment lead time
DCOptimization,sigma_l,DECIMAL(5,2),Historical,N/A,Raw,N/A,N/A,No,0.5,Lead time std dev (œÉL)
DCOptimization,service_level,DECIMAL(5,3),Config,N/A,Raw,N/A,N/A,No,0.98,Target service level
DCOptimization,z_score,DECIMAL(5,3),N/A,N/A,Derived,NORMSINV(service_level),N/A,No,2.05,Z-score
DCOptimization,base_ss,INTEGER,N/A,N/A,Derived,z * SQRT((œÉ¬≤*L)+(Œº¬≤*œÉL¬≤)),N/A,No,139,Base safety stock
DCOptimization,supplier_ontime,DECIMAL(5,3),LFA1,Custom,Raw,N/A,N/A,No,0.9,Supplier on-time %
DCOptimization,beta,DECIMAL(5,2),Config,N/A,Raw,N/A,N/A,No,0.3,Unreliability factor (Œ≤)
DCOptimization,adjusted_ss,INTEGER,N/A,N/A,Derived,base_ss * (1 + Œ≤*(1-ontime)),N/A,No,147,Adjusted safety stock
DCOptimization,rop,INTEGER,N/A,N/A,Derived,(Œº * L) + adjusted_ss,N/A,No,2065,Reorder point
DCOptimization,target_inventory,INTEGER,N/A,N/A,Derived,ROP + EOQ,N/A,No,1022,Target stock level
DCBOM,id,VARCHAR(20),Generated,N/A,Raw,N/A,N/A,Yes,BOM0001,BOM explosion ID
DCBOM,parent_sku,VARCHAR(40),MARA,MATNR,Raw,N/A,N/A,Yes,MR_HAIR_101,Finished goods SKU
DCBOM,dc,VARCHAR(50),T001W,WERKS,Raw,N/A,N/A,Yes,DC-East,DC location
DCBOM,requirement_qty,INTEGER,N/A,N/A,Derived,From DC Health Monitor,N/A,No,4334,FG requirement qty
DCBOM,component,VARCHAR(200),STPO,IDNRK,Raw,N/A,N/A,No,Conditioner 250 ml,Component material
DCBOM,usage_per_kit,DECIMAL(10,3),STPO,MENGE,Raw,N/A,N/A,No,1.0,Usage per FG unit
DCBOM,yield_pct,DECIMAL(5,3),STPO,AUSCH,Raw,N/A,N/A,No,0.98,Production yield %
DCBOM,gross_req,INTEGER,N/A,N/A,Derived,requirement_qty * usage_per_kit,N/A,No,4334,Gross requirement
DCBOM,adj_req,INTEGER,N/A,N/A,Derived,gross_req / yield_pct,N/A,No,4422,Adjusted for yield
DCBOM,on_hand,INTEGER,MARD,LABST,Raw,N/A,N/A,No,1000,Component inventory
DCBOM,on_order,INTEGER,EKET,MENGE,Raw,N/A,N/A,No,500,Inbound components
DCBOM,net_req,INTEGER,N/A,N/A,Derived,MAX(0 adj_req - on_hand - on_order),N/A,No,2922,Net requirement
DCBOM,action,VARCHAR(255),N/A,N/A,Derived,Make/Buy logic,N/A,No,Generate Requirement (Buy),Action message
DCLotSize,id,VARCHAR(20),Generated,N/A,Raw,N/A,N/A,Yes,LS0001,Lot size record ID
DCLotSize,component,VARCHAR(200),MARA,MATNR,Raw,N/A,N/A,Yes,Conditioner 250 ml,Component material
DCLotSize,dc,VARCHAR(50),T001W,WERKS,Raw,N/A,N/A,Yes,DC-East,DC location
DCLotSize,net_req,INTEGER,N/A,N/A,Derived,From BOM module,N/A,No,2922,Net requirement
DCLotSize,moq,INTEGER,MARC,BSTMI,Raw,N/A,N/A,No,1000,Minimum order quantity
DCLotSize,lot_size_rule,VARCHAR(5),MARC,DISLS,Raw,N/A,N/A,No,HB,Lot sizing rule (EX/FX/HB)
DCLotSize,order_multiple,INTEGER,MARC,BSTRF,Raw,N/A,N/A,No,200,Rounding value
DCLotSize,eoq,INTEGER,N/A,N/A,ML,N/A,RL/Wilson,No,3400,Economic order quantity
DCLotSize,annual_demand,INTEGER,N/A,N/A,ML,N/A,Prophet,No,152000,Annual demand forecast
DCLotSize,order_cost,DECIMAL(10,2),Config,N/A,Raw,N/A,N/A,No,50.00,Cost per order
DCLotSize,holding_cost_rate,DECIMAL(5,3),Config,N/A,Raw,N/A,N/A,No,0.25,Holding cost % (25%)
DCLotSize,lot_size,INTEGER,N/A,N/A,Derived,MAX(net_req moq eoq) rounded,N/A,No,3400,Final lot size
DCLotSize,unit_cost,DECIMAL(10,2),MBEW,VERPR,Raw,N/A,N/A,No,3.00,Component unit cost
DCLotSize,order_value,DECIMAL(12,2),N/A,N/A,Derived,lot_size * unit_cost,N/A,No,10200.00,Total order value
DCLotSize,container_capacity,INTEGER,Config,N/A,Raw,N/A,N/A,No,4000,Container capacity
DCLotSize,freight_util,DECIMAL(5,3),N/A,N/A,Derived,lot_size / container_capacity,N/A,No,0.85,Freight utilization
DCLotSize,optimization_status,VARCHAR(50),N/A,N/A,Derived,Cost analysis,N/A,No,Optimal,Status indicator
DCPlanningTable,id,VARCHAR(20),Generated,N/A,Raw,N/A,N/A,Yes,PT0001,Planning record ID
DCPlanningTable,component,VARCHAR(200),MARA,MATNR,Raw,N/A,N/A,Yes,Conditioner 250 ml,Material number
DCPlanningTable,dc,VARCHAR(50),T001W,WERKS,Raw,N/A,N/A,Yes,DC-East,DC location
DCPlanningTable,planning_date,DATE,System,N/A,Raw,N/A,N/A,No,2025-03-01,MRP run date
DCPlanningTable,period,VARCHAR(20),Config,N/A,Raw,N/A,N/A,No,Week 14,Planning period
DCPlanningTable,gross_req,INTEGER,N/A,N/A,Derived,From BOM module,N/A,No,4334,Gross requirements
DCPlanningTable,scheduled_receipts,INTEGER,EKET,MENGE,Raw,N/A,N/A,No,1000,Confirmed inbound
DCPlanningTable,planned_receipts,INTEGER,N/A,N/A,Derived,MRP logic,N/A,No,3400,Planned orders
DCPlanningTable,projected_inventory,INTEGER,N/A,N/A,Derived,prev + receipts - gross_req,N/A,No,67,Projected on-hand
DCPlanningTable,safety_stock,INTEGER,MARC,MINBE,Raw,N/A,N/A,No,500,Safety stock level
DCPlanningTable,below_safety,VARCHAR(3),N/A,N/A,Derived,projected < safety_stock,N/A,No,Yes,Safety breach flag
DCPlanningTable,action_message,VARCHAR(255),N/A,N/A,Derived,MRP rules,N/A,No,Expedite - Below safety,Action message
DCPlanningTable,mrp_element,VARCHAR(50),PLAF/PBED,N/A,Raw,N/A,N/A,No,PlOrd,MRP element type
DCPlanningTable,exception_code,VARCHAR(10),N/A,N/A,Derived,Exception logic,N/A,No,10,Exception code
DCSupplierExecution,id,VARCHAR(20),Generated,N/A,Raw,N/A,N/A,Yes,SE0001,Execution ID
DCSupplierExecution,component,VARCHAR(200),MARA,MATNR,Raw,N/A,N/A,Yes,Conditioner 250 ml,Component material
DCSupplierExecution,sku,VARCHAR(40),Parent MATNR,N/A,Raw,N/A,N/A,Yes,MR_HAIR_101,Parent FG SKU
DCSupplierExecution,dc,VARCHAR(50),T001W,WERKS,Raw,N/A,N/A,Yes,DC-East,DC location
DCSupplierExecution,net_req,INTEGER,N/A,N/A,Derived,From BOM module,N/A,No,2922,Net requirement
DCSupplierExecution,lot_size,INTEGER,N/A,N/A,Derived,From Lot Sizing module,N/A,No,3400,Order quantity
DCSupplierExecution,lead_time_days,INTEGER,MARC,PLIFZ,Raw,N/A,N/A,No,14,Lead time
DCSupplierExecution,source_type,VARCHAR(10),MARC,SOBSL,Raw,N/A,N/A,No,Buy,Make (E) or Buy (F)
DCSupplierExecution,supplier,VARCHAR(200),LFA1,NAME1,Raw,N/A,N/A,No,Vendor A,Vendor/plant name
DCSupplierExecution,on_time_pct,DECIMAL(5,3),LFA1,Custom,Raw,N/A,N/A,No,0.90,Supplier on-time %
DCSupplierExecution,mode,VARCHAR(20),Config,N/A,Raw,N/A,N/A,No,Sea,Transport mode
DCSupplierExecution,release_date,DATE,N/A,N/A,Derived,need_date - lead_time,N/A,No,2025-03-25,Order release date
DCSupplierExecution,need_date,DATE,N/A,N/A,Derived,From MRP planning,N/A,No,2025-04-08,Required delivery date
DCSupplierExecution,unit_cost,DECIMAL(10,2),MBEW/EINA,VERPR/NETPR,Raw,N/A,N/A,No,3.00,Make cost or buy price
DCSupplierExecution,order_value,DECIMAL(12,2),N/A,N/A,Derived,lot_size * unit_cost,N/A,No,10200.00,Total order value
DCSupplierExecution,freight_util,DECIMAL(5,3),N/A,N/A,Derived,Container utilization,N/A,No,0.87,Freight efficiency
DCSupplierExecution,status,VARCHAR(50),N/A,N/A,Derived,Lead time analysis,N/A,No,üü¢ Normal,Status indicator
DCSupplierExecution,action,VARCHAR(255),N/A,N/A,Derived,Make/Buy logic,N/A,No,Generate Purchase Requirement,Action message
StoreForecast,historical_sales,INTEGER,VBAP,KWMENG,Raw,SUM(VBAP.KWMENG) aggregated,N/A,No,450,Actual sales history for training
StoreForecast,sales_revenue,DECIMAL(12,2),VBAP,NETWR,Raw,SUM(VBAP.NETWR) aggregated,N/A,No,11250.00,Historical revenue
StoreForecast,num_transactions,INTEGER,VBAK,VBELN,Derived,COUNT(DISTINCT VBAK.VBELN),N/A,No,18,Number of sales orders
StoreHealthMonitor,backorders,INTEGER,VBAP,KWMENG,Raw,VBAP where GBSTK = 'B',N/A,No,0,Backordered quantity
StoreHealthMonitor,open_sales_orders,INTEGER,VBAK,VBELN,Derived,COUNT(VBAK) where GBSTK <> 'C',N/A,No,3,Open sales orders count
StoreFinancialImpact,lost_sales_qty,INTEGER,VBAP,KWMENG,Raw,VBAP where ABGRU in stockout codes,N/A,No,0,Lost sales due to stockout
StoreFinancialImpact,lost_revenue,DECIMAL(12,2),VBAP,NETWR,Raw,VBAP.NETWR where ABGRU in stockout codes,N/A,No,0.00,Revenue lost from stockouts
StoreFinancialImpact,stockout_incidents,INTEGER,VBAP,VBELN,Derived,COUNT(VBAP) where ABGRU = stockout,N/A,No,0,Stockout event count
DCDemandAggregation,retail_actual,INTEGER,VBAP,KWMENG,Raw,SUM(VBAP.KWMENG) where VTWEG = '10',N/A,No,480,Actual retail channel sales
DCDemandAggregation,amazon_actual,INTEGER,VBAP,KWMENG,Raw,SUM(VBAP.KWMENG) where VTWEG = '30',N/A,No,340,Actual Amazon sales
DCDemandAggregation,d2c_actual,INTEGER,VBAP,KWMENG,Raw,SUM(VBAP.KWMENG) where VTWEG = '40',N/A,No,95,Actual D2C sales
DCDemandAggregation,wholesale_actual,INTEGER,VBAP,KWMENG,Raw,SUM(VBAP.KWMENG) where VTWEG = '20',N/A,No,145,Actual wholesale sales
DCDemandAggregation,forecast_accuracy,DECIMAL(5,3),N/A,N/A,Derived,(1 - ABS(forecast - actual) / actual),N/A,No,0.92,Forecast vs actual accuracy
DCPlanningTable,sales_order_demand,INTEGER,VBEP,WMENG,Raw,SUM(VBEP.WMENG) by EDATU,N/A,No,4334,SO-driven demand
DCPlanningTable,so_document,VARCHAR(10),VBAK,VBELN,Raw,N/A,N/A,No,0012345678,Sales order number reference
